{"v":"5.2.1","fr":30,"ip":0,"op":300,"w":750,"h":1334,"nm":"Animation test","ddd":0,"assets":[{"id":"comp_0","layers":[{"ddd":0,"ind":1,"ty":4,"nm":"Shape Layer 1","sr":1,"ks":{"o":{"a":0,"k":100,"ix":11},"r":{"a":0,"k":0,"ix":10},"p":{"a":0,"k":[375,375,0],"ix":2},"a":{"a":0,"k":[0,0,0],"ix":1},"s":{"a":1,"k":[{"i":{"x":[0,0,0.667],"y":[0.989,0.989,1]},"o":{"x":[0.333,0.333,0.333],"y":[0,0,0]},"n":["0_0p989_0p333_0","0_0p989_0p333_0","0p667_1_0p333_0"],"t":0,"s":[0,0,100],"e":[17,17,100]},{"t":20}],"ix":6}},"ao":0,"shapes":[{"ty":"gr","it":[{"d":1,"ty":"el","s":{"a":0,"k":[746.633,746.633],"ix":2},"p":{"a":0,"k":[0,0],"ix":3},"nm":"Ellipse Path 1","mn":"ADBE Vector Shape - Ellipse","hd":false},{"ty":"st","c":{"a":0,"k":[1,1,1,1],"ix":3},"o":{"a":0,"k":100,"ix":4},"w":{"a":1,"k":[{"i":{"x":[0.667],"y":[1]},"o":{"x":[0.333],"y":[0]},"n":["0p667_1_0p333_0"],"t":7,"s":[118],"e":[0]},{"t":18}],"ix":5},"lc":1,"lj":1,"ml":4,"ml2":{"a":0,"k":4,"ix":8},"nm":"Stroke 1","mn":"ADBE Vector Graphic - Stroke","hd":false},{"ty":"fl","c":{"a":0,"k":[0.674509823322,0.474509805441,0.090196080506,1],"ix":4},"o":{"a":1,"k":[{"i":{"x":[0.833],"y":[0.833]},"o":{"x":[0.167],"y":[0.167]},"n":["0p833_0p833_0p167_0p167"],"t":16,"s":[100],"e":[0]},{"t":18}],"ix":5},"r":1,"nm":"Fill 1","mn":"ADBE Vector Graphic - Fill","hd":false},{"ty":"tr","p":{"a":0,"k":[0.842,-1.683],"ix":2},"a":{"a":0,"k":[0,0],"ix":1},"s":{"a":0,"k":[100,100],"ix":3},"r":{"a":0,"k":0,"ix":6},"o":{"a":0,"k":100,"ix":7},"sk":{"a":0,"k":0,"ix":4},"sa":{"a":0,"k":0,"ix":5},"nm":"Transform"}],"nm":"Ellipse 1","np":3,"cix":2,"ix":1,"mn":"ADBE Vector Group","hd":false}],"ip":0,"op":20,"st":0,"bm":0}]}],"layers":[{"ddd":0,"ind":1,"ty":0,"nm":"Bubble","refId":"comp_0","sr":1,"ks":{"o":{"a":0,"k":36,"ix":11},"r":{"a":0,"k":0,"ix":10},"p":{"a":1,"k":[{"i":{"x":0.833,"y":0.833},"o":{"x":0.167,"y":0.167},"n":"0p833_0p833_0p167_0p167","t":116,"s":[375,1319,0],"e":[375,1179,0],"to":[0,-23.3333339691162,0],"ti":[0,23.3333339691162,0]},{"t":136}],"ix":2},"a":{"a":0,"k":[148,429,0],"ix":1},"s":{"a":0,"k":[100,100,100],"ix":6}},"ao":0,"w":750,"h":750,"ip":116,"op":136,"st":116,"bm":0},{"ddd":0,"ind":2,"ty":0,"nm":"Bubble","refId":"comp_0","sr":1,"ks":{"o":{"a":0,"k":36,"ix":11},"r":{"a":0,"k":0,"ix":10},"p":{"a":1,"k":[{"i":{"x":0.833,"y":0.833},"o":{"x":0.167,"y":0.167},"n":"0p833_0p833_0p167_0p167","t":122,"s":[375,1319,0],"e":[375,1179,0],"to":[0,-9.79029560089111,0],"ti":[0,13.5430374145508,0]},{"t":142}],"ix":2},"a":{"a":0,"k":[436,375,0],"ix":1},"s":{"a":0,"k":[65,65,100],"ix":6}},"ao":0,"w":750,"h":750,"ip":122,"op":142,"st":122,"bm":0},{"ddd":0,"ind":3,"ty":0,"nm":"Bubble","refId":"comp_0","sr":1,"ks":{"o":{"a":0,"k":36,"ix":11},"r":{"a":0,"k":0,"ix":10},"p":{"a":1,"k":[{"i":{"x":0.833,"y":0.833},"o":{"x":0.167,"y":0.167},"n":"0p833_0p833_0p167_0p167","t":130,"s":[375,1319,0],"e":[375,1179,0],"to":[0,-9.79029560089111,0],"ti":[0,13.5430374145508,0]},{"t":150}],"ix":2},"a":{"a":0,"k":[1159,358,0],"ix":1},"s":{"a":0,"k":[30,30,100],"ix":6}},"ao":0,"w":750,"h":750,"ip":130,"op":150,"st":130,"bm":0},{"ddd":0,"ind":4,"ty":0,"nm":"Bubble","refId":"comp_0","sr":1,"ks":{"o":{"a":0,"k":36,"ix":11},"r":{"a":0,"k":0,"ix":10},"p":{"a":1,"k":[{"i":{"x":0.833,"y":0.833},"o":{"x":0.167,"y":0.167},"n":"0p833_0p833_0p167_0p167","t":101,"s":[375,1319,0],"e":[375,1179,0],"to":[0,-9.79029560089111,0],"ti":[0,13.5430374145508,0]},{"t":121}],"ix":2},"a":{"a":0,"k":[786,375,0],"ix":1},"s":{"a":0,"k":[30,30,100],"ix":6}},"ao":0,"w":750,"h":750,"ip":101,"op":121,"st":101,"bm":0},{"ddd":0,"ind":5,"ty":0,"nm":"Bubble","refId":"comp_0","sr":1,"ks":{"o":{"a":0,"k":36,"ix":11},"r":{"a":0,"k":0,"ix":10},"p":{"a":1,"k":[{"i":{"x":0.833,"y":0.833},"o":{"x":0.167,"y":0.167},"n":"0p833_0p833_0p167_0p167","t":64,"s":[375,1319,0],"e":[375,1179,0],"to":[0,-23.3333339691162,0],"ti":[0,23.3333339691162,0]},{"t":84}],"ix":2},"a":{"a":0,"k":[394,429,0],"ix":1},"s":{"a":0,"k":[100,100,100],"ix":6}},"ao":0,"w":750,"h":750,"ip":64,"op":84,"st":64,"bm":0},{"ddd":0,"ind":6,"ty":0,"nm":"Bubble","refId":"comp_0","sr":1,"ks":{"o":{"a":0,"k":36,"ix":11},"r":{"a":0,"k":0,"ix":10},"p":{"a":1,"k":[{"i":{"x":0.833,"y":0.833},"o":{"x":0.167,"y":0.167},"n":"0p833_0p833_0p167_0p167","t":70,"s":[375,1319,0],"e":[375,1179,0],"to":[0,-9.79029560089111,0],"ti":[0,13.5430374145508,0]},{"t":90}],"ix":2},"a":{"a":0,"k":[167,398,0],"ix":1},"s":{"a":0,"k":[65,65,100],"ix":6}},"ao":0,"w":750,"h":750,"ip":70,"op":90,"st":70,"bm":0},{"ddd":0,"ind":7,"ty":0,"nm":"Bubble","refId":"comp_0","sr":1,"ks":{"o":{"a":0,"k":36,"ix":11},"r":{"a":0,"k":0,"ix":10},"p":{"a":1,"k":[{"i":{"x":0.833,"y":0.833},"o":{"x":0.167,"y":0.167},"n":"0p833_0p833_0p167_0p167","t":78,"s":[375,1319,0],"e":[375,1179,0],"to":[0,-9.79029560089111,0],"ti":[0,13.5430374145508,0]},{"t":98}],"ix":2},"a":{"a":0,"k":[974,375,0],"ix":1},"s":{"a":0,"k":[30,30,100],"ix":6}},"ao":0,"w":750,"h":750,"ip":78,"op":98,"st":78,"bm":0},{"ddd":0,"ind":8,"ty":0,"nm":"Bubble","refId":"comp_0","sr":1,"ks":{"o":{"a":0,"k":36,"ix":11},"r":{"a":0,"k":0,"ix":10},"p":{"a":1,"k":[{"i":{"x":0.833,"y":0.833},"o":{"x":0.167,"y":0.167},"n":"0p833_0p833_0p167_0p167","t":46,"s":[375,1319,0],"e":[375,1179,0],"to":[0,-9.79029560089111,0],"ti":[0,13.5430374145508,0]},{"t":66}],"ix":2},"a":{"a":0,"k":[-299,375,0],"ix":1},"s":{"a":0,"k":[30,30,100],"ix":6}},"ao":0,"w":750,"h":750,"ip":46,"op":66,"st":46,"bm":0},{"ddd":0,"ind":9,"ty":0,"nm":"Bubble","refId":"comp_0","sr":1,"ks":{"o":{"a":0,"k":36,"ix":11},"r":{"a":0,"k":0,"ix":10},"p":{"a":1,"k":[{"i":{"x":0.833,"y":0.833},"o":{"x":0.167,"y":0.167},"n":"0p833_0p833_0p167_0p167","t":39,"s":[375,1319,0],"e":[375,1179,0],"to":[0,-23.3333339691162,0],"ti":[0,23.3333339691162,0]},{"t":59}],"ix":2},"a":{"a":0,"k":[394,429,0],"ix":1},"s":{"a":0,"k":[100,100,100],"ix":6}},"ao":0,"w":750,"h":750,"ip":39,"op":59,"st":39,"bm":0},{"ddd":0,"ind":10,"ty":0,"nm":"Bubble","refId":"comp_0","sr":1,"ks":{"o":{"a":0,"k":36,"ix":11},"r":{"a":0,"k":0,"ix":10},"p":{"a":1,"k":[{"i":{"x":0.833,"y":0.833},"o":{"x":0.167,"y":0.167},"n":"0p833_0p833_0p167_0p167","t":0,"s":[375,1319,0],"e":[375,1179,0],"to":[0,-23.3333339691162,0],"ti":[0,23.3333339691162,0]},{"t":20}],"ix":2},"a":{"a":0,"k":[214,429,0],"ix":1},"s":{"a":0,"k":[100,100,100],"ix":6}},"ao":0,"w":750,"h":750,"ip":0,"op":20,"st":0,"bm":0},{"ddd":0,"ind":11,"ty":0,"nm":"Bubble","refId":"comp_0","sr":1,"ks":{"o":{"a":0,"k":36,"ix":11},"r":{"a":0,"k":0,"ix":10},"p":{"a":1,"k":[{"i":{"x":0.833,"y":0.833},"o":{"x":0.167,"y":0.167},"n":"0p833_0p833_0p167_0p167","t":6,"s":[375,1319,0],"e":[375,1179,0],"to":[0,-9.79029560089111,0],"ti":[0,13.5430374145508,0]},{"t":26}],"ix":2},"a":{"a":0,"k":[358,375,0],"ix":1},"s":{"a":0,"k":[65,65,100],"ix":6}},"ao":0,"w":750,"h":750,"ip":6,"op":26,"st":6,"bm":0},{"ddd":0,"ind":12,"ty":0,"nm":"Bubble","refId":"comp_0","sr":1,"ks":{"o":{"a":0,"k":36,"ix":11},"r":{"a":0,"k":0,"ix":10},"p":{"a":1,"k":[{"i":{"x":0.833,"y":0.833},"o":{"x":0.167,"y":0.167},"n":"0p833_0p833_0p167_0p167","t":14,"s":[375,1319,0],"e":[375,1179,0],"to":[0,-9.79029560089111,0],"ti":[0,13.5430374145508,0]},{"t":34}],"ix":2},"a":{"a":0,"k":[1030,375,0],"ix":1},"s":{"a":0,"k":[30,30,100],"ix":6}},"ao":0,"w":750,"h":750,"ip":14,"op":34,"st":14,"bm":0},{"ddd":0,"ind":13,"ty":0,"nm":"Bubble","refId":"comp_0","sr":1,"ks":{"o":{"a":0,"k":36,"ix":11},"r":{"a":0,"k":0,"ix":10},"p":{"a":1,"k":[{"i":{"x":0.833,"y":0.833},"o":{"x":0.167,"y":0.167},"n":"0p833_0p833_0p167_0p167","t":266,"s":[375,1319,0],"e":[375,1179,0],"to":[0,-23.3333339691162,0],"ti":[0,23.3333339691162,0]},{"t":286}],"ix":2},"a":{"a":0,"k":[268,429,0],"ix":1},"s":{"a":0,"k":[100,100,100],"ix":6}},"ao":0,"w":750,"h":750,"ip":266,"op":286,"st":266,"bm":0},{"ddd":0,"ind":14,"ty":0,"nm":"Bubble","refId":"comp_0","sr":1,"ks":{"o":{"a":0,"k":36,"ix":11},"r":{"a":0,"k":0,"ix":10},"p":{"a":1,"k":[{"i":{"x":0.833,"y":0.833},"o":{"x":0.167,"y":0.167},"n":"0p833_0p833_0p167_0p167","t":272,"s":[375,1319,0],"e":[375,1179,0],"to":[0,-9.79029560089111,0],"ti":[0,13.5430374145508,0]},{"t":292}],"ix":2},"a":{"a":0,"k":[436,375,0],"ix":1},"s":{"a":0,"k":[65,65,100],"ix":6}},"ao":0,"w":750,"h":750,"ip":272,"op":292,"st":272,"bm":0},{"ddd":0,"ind":15,"ty":0,"nm":"Bubble","refId":"comp_0","sr":1,"ks":{"o":{"a":0,"k":36,"ix":11},"r":{"a":0,"k":0,"ix":10},"p":{"a":1,"k":[{"i":{"x":0.833,"y":0.833},"o":{"x":0.167,"y":0.167},"n":"0p833_0p833_0p167_0p167","t":280,"s":[375,1319,0],"e":[375,1179,0],"to":[0,-9.79029560089111,0],"ti":[0,13.5430374145508,0]},{"t":300}],"ix":2},"a":{"a":0,"k":[786,375,0],"ix":1},"s":{"a":0,"k":[30,30,100],"ix":6}},"ao":0,"w":750,"h":750,"ip":280,"op":300,"st":280,"bm":0},{"ddd":0,"ind":16,"ty":0,"nm":"Bubble","refId":"comp_0","sr":1,"ks":{"o":{"a":0,"k":36,"ix":11},"r":{"a":0,"k":0,"ix":10},"p":{"a":1,"k":[{"i":{"x":0.833,"y":0.833},"o":{"x":0.167,"y":0.167},"n":"0p833_0p833_0p167_0p167","t":216,"s":[375,1319,0],"e":[375,1179,0],"to":[0,-23.3333339691162,0],"ti":[0,23.3333339691162,0]},{"t":236}],"ix":2},"a":{"a":0,"k":[268,429,0],"ix":1},"s":{"a":0,"k":[100,100,100],"ix":6}},"ao":0,"w":750,"h":750,"ip":216,"op":236,"st":216,"bm":0},{"ddd":0,"ind":17,"ty":0,"nm":"Bubble","refId":"comp_0","sr":1,"ks":{"o":{"a":0,"k":36,"ix":11},"r":{"a":0,"k":0,"ix":10},"p":{"a":1,"k":[{"i":{"x":0.833,"y":0.833},"o":{"x":0.167,"y":0.167},"n":"0p833_0p833_0p167_0p167","t":222,"s":[375,1319,0],"e":[375,1179,0],"to":[0,-9.79029560089111,0],"ti":[0,13.5430374145508,0]},{"t":242}],"ix":2},"a":{"a":0,"k":[436,375,0],"ix":1},"s":{"a":0,"k":[65,65,100],"ix":6}},"ao":0,"w":750,"h":750,"ip":222,"op":242,"st":222,"bm":0},{"ddd":0,"ind":18,"ty":0,"nm":"Bubble","refId":"comp_0","sr":1,"ks":{"o":{"a":0,"k":36,"ix":11},"r":{"a":0,"k":0,"ix":10},"p":{"a":1,"k":[{"i":{"x":0.833,"y":0.833},"o":{"x":0.167,"y":0.167},"n":"0p833_0p833_0p167_0p167","t":230,"s":[375,1319,0],"e":[375,1179,0],"to":[0,-9.79029560089111,0],"ti":[0,13.5430374145508,0]},{"t":250}],"ix":2},"a":{"a":0,"k":[786,375,0],"ix":1},"s":{"a":0,"k":[30,30,100],"ix":6}},"ao":0,"w":750,"h":750,"ip":230,"op":250,"st":230,"bm":0},{"ddd":0,"ind":19,"ty":0,"nm":"Bubble","refId":"comp_0","sr":1,"ks":{"o":{"a":0,"k":36,"ix":11},"r":{"a":0,"k":0,"ix":10},"p":{"a":1,"k":[{"i":{"x":0.833,"y":0.833},"o":{"x":0.167,"y":0.167},"n":"0p833_0p833_0p167_0p167","t":190,"s":[375,1319,0],"e":[375,1179,0],"to":[0,-9.79029560089111,0],"ti":[0,13.5430374145508,0]},{"t":210}],"ix":2},"a":{"a":0,"k":[358,375,0],"ix":1},"s":{"a":0,"k":[65,65,100],"ix":6}},"ao":0,"w":750,"h":750,"ip":190,"op":210,"st":190,"bm":0},{"ddd":0,"ind":20,"ty":0,"nm":"Bubble","refId":"comp_0","sr":1,"ks":{"o":{"a":0,"k":36,"ix":11},"r":{"a":0,"k":0,"ix":10},"p":{"a":1,"k":[{"i":{"x":0.833,"y":0.833},"o":{"x":0.167,"y":0.167},"n":"0p833_0p833_0p167_0p167","t":150,"s":[375,1319,0],"e":[375,1179,0],"to":[0,-12.6011695861816,0],"ti":[0,10.7321643829346,0]},{"t":170}],"ix":2},"a":{"a":0,"k":[661,371,0],"ix":1},"s":{"a":0,"k":[100,100,100],"ix":6}},"ao":0,"w":750,"h":750,"ip":150,"op":170,"st":150,"bm":0},{"ddd":0,"ind":21,"ty":0,"nm":"Bubble","refId":"comp_0","sr":1,"ks":{"o":{"a":0,"k":36,"ix":11},"r":{"a":0,"k":0,"ix":10},"p":{"a":1,"k":[{"i":{"x":0.833,"y":0.833},"o":{"x":0.167,"y":0.167},"n":"0p833_0p833_0p167_0p167","t":156,"s":[375,1319,0],"e":[375,1179,0],"to":[0,-3.11276531219482,0],"ti":[0,9.23711109161377,0]},{"t":176}],"ix":2},"a":{"a":0,"k":[358,426,0],"ix":1},"s":{"a":0,"k":[65,65,100],"ix":6}},"ao":0,"w":750,"h":750,"ip":156,"op":176,"st":156,"bm":0},{"ddd":0,"ind":22,"ty":0,"nm":"Bubble","refId":"comp_0","sr":1,"ks":{"o":{"a":0,"k":36,"ix":11},"r":{"a":0,"k":0,"ix":10},"p":{"a":1,"k":[{"i":{"x":0.833,"y":0.833},"o":{"x":0.167,"y":0.167},"n":"0p833_0p833_0p167_0p167","t":164,"s":[375,1319,0],"e":[375,1179,0],"to":[0,-9.79029560089111,0],"ti":[0,13.5430374145508,0]},{"t":184}],"ix":2},"a":{"a":0,"k":[786,375,0],"ix":1},"s":{"a":0,"k":[30,30,100],"ix":6}},"ao":0,"w":750,"h":750,"ip":164,"op":184,"st":164,"bm":0},{"ddd":0,"ind":23,"ty":0,"nm":"Bubble","refId":"comp_0","sr":1,"ks":{"o":{"a":0,"k":36,"ix":11},"r":{"a":0,"k":0,"ix":10},"p":{"a":1,"k":[{"i":{"x":0.833,"y":0.833},"o":{"x":0.167,"y":0.167},"n":"0p833_0p833_0p167_0p167","t":257,"s":[375,1319,0],"e":[375,1179,0],"to":[0,-5.6824197769165,0],"ti":[0,5.68247604370117,0]},{"t":277}],"ix":2},"a":{"a":0,"k":[-16,450,0],"ix":1},"s":{"a":0,"k":[65,65,100],"ix":6}},"ao":0,"w":750,"h":750,"ip":257,"op":277,"st":257,"bm":0},{"ddd":0,"ind":24,"ty":0,"nm":"Bubble","refId":"comp_0","sr":1,"ks":{"o":{"a":0,"k":36,"ix":11},"r":{"a":0,"k":0,"ix":10},"p":{"a":1,"k":[{"i":{"x":0.833,"y":0.833},"o":{"x":0.167,"y":0.167},"n":"0p833_0p833_0p167_0p167","t":265,"s":[375,1319,0],"e":[375,1179,0],"to":[0,-9.79029560089111,0],"ti":[0,13.5430374145508,0]},{"t":285}],"ix":2},"a":{"a":0,"k":[564,430,0],"ix":1},"s":{"a":0,"k":[30,30,100],"ix":6}},"ao":0,"w":750,"h":750,"ip":265,"op":285,"st":265,"bm":0},{"ddd":0,"ind":25,"ty":4,"nm":"Animation test Outlines 5","sr":1,"ks":{"o":{"a":0,"k":100,"ix":11},"r":{"a":0,"k":0,"ix":10},"p":{"a":1,"k":[{"i":{"x":0.667,"y":1},"o":{"x":0.333,"y":0},"n":"0p667_1_0p333_0","t":0,"s":[750,667,0],"e":[0,667,0],"to":[-125,0,0],"ti":[125,0,0]},{"t":150}],"ix":2},"a":{"a":0,"k":[750,613,0],"ix":1},"s":{"a":0,"k":[100,100,100],"ix":6}},"ao":0,"shapes":[{"ty":"gr","it":[{"ind":0,"ty":"sh","ix":1,"ks":{"a":0,"k":{"i":[[-55.37,-18.12],[0,0],[0,0],[0,0],[-19.52,-9.52],[-31.54,-2.69],[-170.48,16.261],[-26.85,-1.14],[-31.85,-11.38],[-14.77,-7.89],[-34.41,-2.94],[-170.48,16.261],[-5.19,0.37]],"o":[[0,0],[0,0],[0,0],[20.51,6.71],[51.95,25.32],[134.8,11.5],[32.09,-3.059],[33.96,1.45],[15.69,5.6],[58.27,31.12],[134.8,11.5],[5.32,-0.509],[58.49,-4.12]],"v":[[750,-110.925],[750,136.705],[-750,136.705],[-750,-110.925],[-689.88,-86.565],[-562.65,-50.325],[-188.05,-131.276],[-99.26,-133.585],[0,-114.155],[45.75,-93.905],[187.35,-50.325],[561.95,-131.276],[577.72,-132.585]],"c":true},"ix":2},"nm":"Path 1","mn":"ADBE Vector Shape - Group","hd":false},{"ty":"fl","c":{"a":0,"k":[0.850980392157,0.623529411765,0.192156862745,1],"ix":4},"o":{"a":0,"k":100,"ix":5},"r":1,"nm":"Fill 1","mn":"ADBE Vector Graphic - Fill","hd":false},{"ty":"tr","p":{"a":0,"k":[750,1197.295],"ix":2},"a":{"a":0,"k":[0,0],"ix":1},"s":{"a":0,"k":[100,100],"ix":3},"r":{"a":0,"k":0,"ix":6},"o":{"a":0,"k":100,"ix":7},"sk":{"a":0,"k":0,"ix":4},"sa":{"a":0,"k":0,"ix":5},"nm":"Transform"}],"nm":"Group 1","np":4,"cix":2,"ix":1,"mn":"ADBE Vector Group","hd":false}],"ip":0,"op":150,"st":0,"bm":0},{"ddd":0,"ind":26,"ty":4,"nm":"Animation test Outlines 4","sr":1,"ks":{"o":{"a":0,"k":100,"ix":11},"r":{"a":0,"k":0,"ix":10},"p":{"a":1,"k":[{"i":{"x":0.667,"y":1},"o":{"x":0.333,"y":0},"n":"0p667_1_0p333_0","t":0,"s":[750,667,0],"e":[0,667,0],"to":[-125,0,0],"ti":[125,0,0]},{"t":150}],"ix":2},"a":{"a":0,"k":[750,630,0],"ix":1},"s":{"a":0,"k":[100,100,100],"ix":6}},"ao":0,"shapes":[{"ty":"gr","it":[{"ind":0,"ty":"sh","ix":1,"ks":{"a":0,"k":{"i":[[-55.37,-18.12],[0,0],[0,0],[0,0],[-19.52,-9.52],[-31.54,-2.69],[-170.48,16.261],[-26.85,-1.14],[-31.85,-11.38],[-14.77,-7.89],[-34.41,-2.94],[-170.48,16.261],[-5.19,0.37]],"o":[[0,0],[0,0],[0,0],[20.51,6.71],[51.95,25.32],[134.8,11.5],[32.09,-3.059],[33.96,1.45],[15.69,5.6],[58.27,31.12],[134.8,11.5],[5.32,-0.509],[58.49,-4.12]],"v":[[750,-110.925],[750,136.705],[-750,136.705],[-750,-110.925],[-689.88,-86.565],[-562.65,-50.325],[-188.05,-131.276],[-99.26,-133.585],[0,-114.155],[45.75,-93.905],[187.35,-50.325],[561.95,-131.276],[577.72,-132.585]],"c":true},"ix":2},"nm":"Path 1","mn":"ADBE Vector Shape - Group","hd":false},{"ty":"fl","c":{"a":0,"k":[0.674509803922,0.474509803922,0.090196078431,1],"ix":4},"o":{"a":0,"k":100,"ix":5},"r":1,"nm":"Fill 1","mn":"ADBE Vector Graphic - Fill","hd":false},{"ty":"tr","p":{"a":0,"k":[750,1197.295],"ix":2},"a":{"a":0,"k":[0,0],"ix":1},"s":{"a":0,"k":[100,100],"ix":3},"r":{"a":0,"k":0,"ix":6},"o":{"a":0,"k":100,"ix":7},"sk":{"a":0,"k":0,"ix":4},"sa":{"a":0,"k":0,"ix":5},"nm":"Transform"}],"nm":"Group 1","np":4,"cix":2,"ix":1,"mn":"ADBE Vector Group","hd":false}],"ip":0,"op":150,"st":0,"bm":0},{"ddd":0,"ind":27,"ty":4,"nm":"Animation test Outlines 3","sr":1,"ks":{"o":{"a":0,"k":100,"ix":11},"r":{"a":0,"k":0,"ix":10},"p":{"a":1,"k":[{"i":{"x":0.667,"y":1},"o":{"x":0.333,"y":0},"n":"0p667_1_0p333_0","t":0,"s":[750,667,0],"e":[0,667,0],"to":[-125,0,0],"ti":[125,0,0]},{"t":150}],"ix":2},"a":{"a":0,"k":[750,667,0],"ix":1},"s":{"a":0,"k":[100,100,100],"ix":6}},"ao":0,"shapes":[{"ty":"gr","it":[{"ind":0,"ty":"sh","ix":1,"ks":{"a":0,"k":{"i":[[-55.37,-18.12],[0,0],[0,0],[0,0],[-19.52,-9.52],[-31.54,-2.69],[-170.48,16.261],[-26.85,-1.14],[-31.85,-11.38],[-14.77,-7.89],[-34.41,-2.94],[-170.48,16.261],[-5.19,0.37]],"o":[[0,0],[0,0],[0,0],[20.51,6.71],[51.95,25.32],[134.8,11.5],[32.09,-3.059],[33.96,1.45],[15.69,5.6],[58.27,31.12],[134.8,11.5],[5.32,-0.509],[58.49,-4.12]],"v":[[750,-110.925],[750,136.705],[-750,136.705],[-750,-110.925],[-689.88,-86.565],[-562.65,-50.325],[-188.05,-131.276],[-99.26,-133.585],[0,-114.155],[45.75,-93.905],[187.35,-50.325],[561.95,-131.276],[577.72,-132.585]],"c":true},"ix":2},"nm":"Path 1","mn":"ADBE Vector Shape - Group","hd":false},{"ty":"fl","c":{"a":0,"k":[0.988235294118,0.968673586378,0.933979228899,1],"ix":4},"o":{"a":0,"k":100,"ix":5},"r":1,"nm":"Fill 1","mn":"ADBE Vector Graphic - Fill","hd":false},{"ty":"tr","p":{"a":0,"k":[750,1197.295],"ix":2},"a":{"a":0,"k":[0,0],"ix":1},"s":{"a":0,"k":[100,100],"ix":3},"r":{"a":0,"k":0,"ix":6},"o":{"a":0,"k":100,"ix":7},"sk":{"a":0,"k":0,"ix":4},"sa":{"a":0,"k":0,"ix":5},"nm":"Transform"}],"nm":"Group 1","np":4,"cix":2,"ix":1,"mn":"ADBE Vector Group","hd":false}],"ip":0,"op":150,"st":0,"bm":0},{"ddd":0,"ind":28,"ty":4,"nm":"Animation test Outlines 8","sr":1,"ks":{"o":{"a":0,"k":100,"ix":11},"r":{"a":0,"k":0,"ix":10},"p":{"a":1,"k":[{"i":{"x":0.667,"y":1},"o":{"x":0.333,"y":0},"n":"0p667_1_0p333_0","t":150,"s":[0,667,0],"e":[750,667,0],"to":[125,0,0],"ti":[-125,0,0]},{"t":300}],"ix":2},"a":{"a":0,"k":[750,613,0],"ix":1},"s":{"a":0,"k":[100,100,100],"ix":6}},"ao":0,"shapes":[{"ty":"gr","it":[{"ind":0,"ty":"sh","ix":1,"ks":{"a":0,"k":{"i":[[-55.37,-18.12],[0,0],[0,0],[0,0],[-19.52,-9.52],[-31.54,-2.69],[-170.48,16.261],[-26.85,-1.14],[-31.85,-11.38],[-14.77,-7.89],[-34.41,-2.94],[-170.48,16.261],[-5.19,0.37]],"o":[[0,0],[0,0],[0,0],[20.51,6.71],[51.95,25.32],[134.8,11.5],[32.09,-3.059],[33.96,1.45],[15.69,5.6],[58.27,31.12],[134.8,11.5],[5.32,-0.509],[58.49,-4.12]],"v":[[750,-110.925],[750,136.705],[-750,136.705],[-750,-110.925],[-689.88,-86.565],[-562.65,-50.325],[-188.05,-131.276],[-99.26,-133.585],[0,-114.155],[45.75,-93.905],[187.35,-50.325],[561.95,-131.276],[577.72,-132.585]],"c":true},"ix":2},"nm":"Path 1","mn":"ADBE Vector Shape - Group","hd":false},{"ty":"fl","c":{"a":0,"k":[0.850980392157,0.623529411765,0.192156862745,1],"ix":4},"o":{"a":0,"k":100,"ix":5},"r":1,"nm":"Fill 1","mn":"ADBE Vector Graphic - Fill","hd":false},{"ty":"tr","p":{"a":0,"k":[750,1197.295],"ix":2},"a":{"a":0,"k":[0,0],"ix":1},"s":{"a":0,"k":[100,100],"ix":3},"r":{"a":0,"k":0,"ix":6},"o":{"a":0,"k":100,"ix":7},"sk":{"a":0,"k":0,"ix":4},"sa":{"a":0,"k":0,"ix":5},"nm":"Transform"}],"nm":"Group 1","np":4,"cix":2,"ix":1,"mn":"ADBE Vector Group","hd":false}],"ip":150,"op":300,"st":150,"bm":0},{"ddd":0,"ind":29,"ty":4,"nm":"Animation test Outlines 7","sr":1,"ks":{"o":{"a":0,"k":100,"ix":11},"r":{"a":0,"k":0,"ix":10},"p":{"a":1,"k":[{"i":{"x":0.667,"y":1},"o":{"x":0.333,"y":0},"n":"0p667_1_0p333_0","t":150,"s":[0,667,0],"e":[750,667,0],"to":[125,0,0],"ti":[-125,0,0]},{"t":300}],"ix":2},"a":{"a":0,"k":[750,630,0],"ix":1},"s":{"a":0,"k":[100,100,100],"ix":6}},"ao":0,"shapes":[{"ty":"gr","it":[{"ind":0,"ty":"sh","ix":1,"ks":{"a":0,"k":{"i":[[-55.37,-18.12],[0,0],[0,0],[0,0],[-19.52,-9.52],[-31.54,-2.69],[-170.48,16.261],[-26.85,-1.14],[-31.85,-11.38],[-14.77,-7.89],[-34.41,-2.94],[-170.48,16.261],[-5.19,0.37]],"o":[[0,0],[0,0],[0,0],[20.51,6.71],[51.95,25.32],[134.8,11.5],[32.09,-3.059],[33.96,1.45],[15.69,5.6],[58.27,31.12],[134.8,11.5],[5.32,-0.509],[58.49,-4.12]],"v":[[750,-110.925],[750,136.705],[-750,136.705],[-750,-110.925],[-689.88,-86.565],[-562.65,-50.325],[-188.05,-131.276],[-99.26,-133.585],[0,-114.155],[45.75,-93.905],[187.35,-50.325],[561.95,-131.276],[577.72,-132.585]],"c":true},"ix":2},"nm":"Path 1","mn":"ADBE Vector Shape - Group","hd":false},{"ty":"fl","c":{"a":0,"k":[0.674509803922,0.474509803922,0.090196078431,1],"ix":4},"o":{"a":0,"k":100,"ix":5},"r":1,"nm":"Fill 1","mn":"ADBE Vector Graphic - Fill","hd":false},{"ty":"tr","p":{"a":0,"k":[750,1197.295],"ix":2},"a":{"a":0,"k":[0,0],"ix":1},"s":{"a":0,"k":[100,100],"ix":3},"r":{"a":0,"k":0,"ix":6},"o":{"a":0,"k":100,"ix":7},"sk":{"a":0,"k":0,"ix":4},"sa":{"a":0,"k":0,"ix":5},"nm":"Transform"}],"nm":"Group 1","np":4,"cix":2,"ix":1,"mn":"ADBE Vector Group","hd":false}],"ip":150,"op":300,"st":150,"bm":0},{"ddd":0,"ind":30,"ty":4,"nm":"Animation test Outlines 6","sr":1,"ks":{"o":{"a":0,"k":100,"ix":11},"r":{"a":0,"k":0,"ix":10},"p":{"a":1,"k":[{"i":{"x":0.667,"y":1},"o":{"x":0.333,"y":0},"n":"0p667_1_0p333_0","t":150,"s":[0,667,0],"e":[750,667,0],"to":[125,0,0],"ti":[-125,0,0]},{"t":300}],"ix":2},"a":{"a":0,"k":[750,667,0],"ix":1},"s":{"a":0,"k":[100,100,100],"ix":6}},"ao":0,"shapes":[{"ty":"gr","it":[{"ind":0,"ty":"sh","ix":1,"ks":{"a":0,"k":{"i":[[-55.37,-18.12],[0,0],[0,0],[0,0],[-19.52,-9.52],[-31.54,-2.69],[-170.48,16.261],[-26.85,-1.14],[-31.85,-11.38],[-14.77,-7.89],[-34.41,-2.94],[-170.48,16.261],[-5.19,0.37]],"o":[[0,0],[0,0],[0,0],[20.51,6.71],[51.95,25.32],[134.8,11.5],[32.09,-3.059],[33.96,1.45],[15.69,5.6],[58.27,31.12],[134.8,11.5],[5.32,-0.509],[58.49,-4.12]],"v":[[750,-110.925],[750,136.705],[-750,136.705],[-750,-110.925],[-689.88,-86.565],[-562.65,-50.325],[-188.05,-131.276],[-99.26,-133.585],[0,-114.155],[45.75,-93.905],[187.35,-50.325],[561.95,-131.276],[577.72,-132.585]],"c":true},"ix":2},"nm":"Path 1","mn":"ADBE Vector Shape - Group","hd":false},{"ty":"fl","c":{"a":0,"k":[0.988235294118,0.96862745098,0.933333333333,1],"ix":4},"o":{"a":0,"k":100,"ix":5},"r":1,"nm":"Fill 1","mn":"ADBE Vector Graphic - Fill","hd":false},{"ty":"tr","p":{"a":0,"k":[750,1197.295],"ix":2},"a":{"a":0,"k":[0,0],"ix":1},"s":{"a":0,"k":[100,100],"ix":3},"r":{"a":0,"k":0,"ix":6},"o":{"a":0,"k":100,"ix":7},"sk":{"a":0,"k":0,"ix":4},"sa":{"a":0,"k":0,"ix":5},"nm":"Transform"}],"nm":"Group 1","np":4,"cix":2,"ix":1,"mn":"ADBE Vector Group","hd":false}],"ip":150,"op":300,"st":150,"bm":0},{"ddd":0,"ind":31,"ty":4,"nm":"Animation test Outlines 10","sr":1,"ks":{"o":{"a":1,"k":[{"i":{"x":[0.667],"y":[1]},"o":{"x":[0.333],"y":[0]},"n":["0p667_1_0p333_0"],"t":0,"s":[100],"e":[0]},{"t":150}],"ix":11},"r":{"a":0,"k":0,"ix":10},"p":{"a":1,"k":[{"i":{"x":0.667,"y":1},"o":{"x":0.333,"y":0},"n":"0p667_1_0p333_0","t":0,"s":[0,667,0],"e":[750,667,0],"to":[59.5003318786621,0,0],"ti":[-65.4996719360352,0,0]},{"t":150}],"ix":2},"a":{"a":0,"k":[750,667,0],"ix":1},"s":{"a":0,"k":[100,100,100],"ix":6}},"ao":0,"shapes":[{"ty":"gr","it":[{"ind":0,"ty":"sh","ix":1,"ks":{"a":0,"k":{"i":[[112.847,9.628],[51.95,25.319],[20.51,6.71],[58.49,-4.12],[5.319,-0.51],[134.801,11.5],[58.27,31.12],[15.69,5.601],[33.96,1.45],[32.089,-3.06],[23.118,-5.19],[0,0],[0,0],[0,0]],"o":[[-31.539,-2.689],[-19.521,-9.521],[-55.37,-18.12],[-5.189,0.37],[-170.481,16.261],[-34.409,-2.939],[-14.77,-7.89],[-31.85,-11.38],[-26.85,-1.139],[-27.765,2.648],[0,0],[0,0],[0,0],[-118.832,26.676]],"v":[[451.35,-50.325],[324.121,-86.564],[264,-110.925],[91.72,-132.585],[75.951,-131.275],[-298.65,-50.325],[-440.25,-93.905],[-486,-114.155],[-585.259,-133.585],[-674.049,-131.275],[-750,-119.193],[-750,136.705],[750,136.705],[750,-119.193]],"c":true},"ix":2},"nm":"Path 1","mn":"ADBE Vector Shape - Group","hd":false},{"ty":"fl","c":{"a":0,"k":[0.923529411765,0.861547552371,0.742445164101,1],"ix":4},"o":{"a":0,"k":100,"ix":5},"r":1,"nm":"Fill 1","mn":"ADBE Vector Graphic - Fill","hd":false},{"ty":"tr","p":{"a":0,"k":[750,1197.295],"ix":2},"a":{"a":0,"k":[0,0],"ix":1},"s":{"a":0,"k":[100,100],"ix":3},"r":{"a":0,"k":0,"ix":6},"o":{"a":0,"k":100,"ix":7},"sk":{"a":0,"k":0,"ix":4},"sa":{"a":0,"k":0,"ix":5},"nm":"Transform"}],"nm":"Group 1","np":4,"cix":2,"ix":1,"mn":"ADBE Vector Group","hd":false}],"ip":0,"op":150,"st":0,"bm":0},{"ddd":0,"ind":32,"ty":4,"nm":"Animation test Outlines 9","sr":1,"ks":{"o":{"a":1,"k":[{"i":{"x":[0.667],"y":[1]},"o":{"x":[0.333],"y":[0]},"n":["0p667_1_0p333_0"],"t":150,"s":[0],"e":[100]},{"t":300}],"ix":11},"r":{"a":0,"k":0,"ix":10},"p":{"a":1,"k":[{"i":{"x":0.667,"y":1},"o":{"x":0.333,"y":0},"n":"0p667_1_0p333_0","t":150,"s":[750,667,0],"e":[0,667,0],"to":[59.5003318786621,0,0],"ti":[-65.4996719360352,0,0]},{"t":300}],"ix":2},"a":{"a":0,"k":[750,667,0],"ix":1},"s":{"a":0,"k":[100,100,100],"ix":6}},"ao":0,"shapes":[{"ty":"gr","it":[{"ind":0,"ty":"sh","ix":1,"ks":{"a":0,"k":{"i":[[112.847,9.628],[51.95,25.319],[20.51,6.71],[58.49,-4.12],[5.319,-0.51],[134.801,11.5],[58.27,31.12],[15.69,5.601],[33.96,1.45],[32.089,-3.06],[23.118,-5.19],[0,0],[0,0],[0,0]],"o":[[-31.539,-2.689],[-19.521,-9.521],[-55.37,-18.12],[-5.189,0.37],[-170.481,16.261],[-34.409,-2.939],[-14.77,-7.89],[-31.85,-11.38],[-26.85,-1.139],[-27.765,2.648],[0,0],[0,0],[0,0],[-118.832,26.676]],"v":[[451.35,-50.325],[324.121,-86.564],[264,-110.925],[91.72,-132.585],[75.951,-131.275],[-298.65,-50.325],[-440.25,-93.905],[-486,-114.155],[-585.259,-133.585],[-674.049,-131.275],[-750,-119.193],[-750,136.705],[750,136.705],[750,-119.193]],"c":true},"ix":2},"nm":"Path 1","mn":"ADBE Vector Shape - Group","hd":false},{"ty":"fl","c":{"a":0,"k":[0.921568627451,0.862745098039,0.741176470588,1],"ix":4},"o":{"a":0,"k":100,"ix":5},"r":1,"nm":"Fill 1","mn":"ADBE Vector Graphic - Fill","hd":false},{"ty":"tr","p":{"a":0,"k":[750,1197.295],"ix":2},"a":{"a":0,"k":[0,0],"ix":1},"s":{"a":0,"k":[100,100],"ix":3},"r":{"a":0,"k":0,"ix":6},"o":{"a":0,"k":100,"ix":7},"sk":{"a":0,"k":0,"ix":4},"sa":{"a":0,"k":0,"ix":5},"nm":"Transform"}],"nm":"Group 1","np":4,"cix":2,"ix":1,"mn":"ADBE Vector Group","hd":false}],"ip":150,"op":300,"st":150,"bm":0},{"ddd":0,"ind":33,"ty":4,"nm":"Animation test Outlines 11","sr":1,"ks":{"o":{"a":1,"k":[{"i":{"x":[0.667],"y":[1]},"o":{"x":[0.333],"y":[0]},"n":["0p667_1_0p333_0"],"t":0,"s":[0],"e":[100]},{"t":150}],"ix":11},"r":{"a":0,"k":0,"ix":10},"p":{"a":1,"k":[{"i":{"x":0.667,"y":0.67},"o":{"x":0.333,"y":0},"n":"0p667_0p67_0p333_0","t":0,"s":[750,667,0],"e":[230.513,667,0],"to":[59.5003318786621,0,0],"ti":[-148.54524230957,0,0]},{"i":{"x":0.667,"y":1},"o":{"x":0.333,"y":0.596},"n":"0p667_1_0p333_0p596","t":75,"s":[230.513,667,0],"e":[0,667,0],"to":[163.522857666016,0,0],"ti":[-65.4996719360352,0,0]},{"t":150}],"ix":2},"a":{"a":0,"k":[750,667,0],"ix":1},"s":{"a":0,"k":[100,100,100],"ix":6}},"ao":0,"shapes":[{"ty":"gr","it":[{"ind":0,"ty":"sh","ix":1,"ks":{"a":0,"k":{"i":[[112.847,9.628],[51.95,25.319],[20.51,6.71],[58.49,-4.12],[5.319,-0.51],[134.801,11.5],[58.27,31.12],[15.69,5.601],[33.96,1.45],[32.089,-3.06],[23.118,-5.19],[0,0],[0,0],[0,0]],"o":[[-31.539,-2.689],[-19.521,-9.521],[-55.37,-18.12],[-5.189,0.37],[-170.481,16.261],[-34.409,-2.939],[-14.77,-7.89],[-31.85,-11.38],[-26.85,-1.139],[-27.765,2.648],[0,0],[0,0],[0,0],[-118.832,26.676]],"v":[[451.35,-50.325],[324.121,-86.564],[264,-110.925],[91.72,-132.585],[75.951,-131.275],[-298.65,-50.325],[-440.25,-93.905],[-486,-114.155],[-585.259,-133.585],[-674.049,-131.275],[-750,-119.193],[-750,136.705],[750,136.705],[750,-119.193]],"c":true},"ix":2},"nm":"Path 1","mn":"ADBE Vector Shape - Group","hd":false},{"ty":"fl","c":{"a":0,"k":[0.986274509804,0.948978379193,0.881845391965,1],"ix":4},"o":{"a":0,"k":100,"ix":5},"r":1,"nm":"Fill 1","mn":"ADBE Vector Graphic - Fill","hd":false},{"ty":"tr","p":{"a":0,"k":[750,1197.295],"ix":2},"a":{"a":0,"k":[0,0],"ix":1},"s":{"a":0,"k":[100,100],"ix":3},"r":{"a":0,"k":0,"ix":6},"o":{"a":0,"k":100,"ix":7},"sk":{"a":0,"k":0,"ix":4},"sa":{"a":0,"k":0,"ix":5},"nm":"Transform"}],"nm":"Group 1","np":4,"cix":2,"ix":1,"mn":"ADBE Vector Group","hd":false}],"ip":0,"op":150,"st":0,"bm":0},{"ddd":0,"ind":34,"ty":4,"nm":"Animation test Outlines 12","sr":1,"ks":{"o":{"a":1,"k":[{"i":{"x":[0.667],"y":[1]},"o":{"x":[0.333],"y":[0]},"n":["0p667_1_0p333_0"],"t":150,"s":[100],"e":[0]},{"t":300}],"ix":11},"r":{"a":0,"k":0,"ix":10},"p":{"a":1,"k":[{"i":{"x":0.667,"y":0.188},"o":{"x":0.333,"y":0},"n":"0p667_0p188_0p333_0","t":150,"s":[0,667,0],"e":[230.513,667,0],"to":[59.5003318786621,0,0],"ti":[-148.54524230957,0,0]},{"i":{"x":0.667,"y":1},"o":{"x":0.333,"y":0.36},"n":"0p667_1_0p333_0p36","t":225,"s":[230.513,667,0],"e":[750,667,0],"to":[163.522857666016,0,0],"ti":[-65.4996719360352,0,0]},{"t":300}],"ix":2},"a":{"a":0,"k":[750,667,0],"ix":1},"s":{"a":0,"k":[100,100,100],"ix":6}},"ao":0,"shapes":[{"ty":"gr","it":[{"ind":0,"ty":"sh","ix":1,"ks":{"a":0,"k":{"i":[[112.847,9.628],[51.95,25.319],[20.51,6.71],[58.49,-4.12],[5.319,-0.51],[134.801,11.5],[58.27,31.12],[15.69,5.601],[33.96,1.45],[32.089,-3.06],[23.118,-5.19],[0,0],[0,0],[0,0]],"o":[[-31.539,-2.689],[-19.521,-9.521],[-55.37,-18.12],[-5.189,0.37],[-170.481,16.261],[-34.409,-2.939],[-14.77,-7.89],[-31.85,-11.38],[-26.85,-1.139],[-27.765,2.648],[0,0],[0,0],[0,0],[-118.832,26.676]],"v":[[451.35,-50.325],[324.121,-86.564],[264,-110.925],[91.72,-132.585],[75.951,-131.275],[-298.65,-50.325],[-440.25,-93.905],[-486,-114.155],[-585.259,-133.585],[-674.049,-131.275],[-750,-119.193],[-750,136.705],[750,136.705],[750,-119.193]],"c":true},"ix":2},"nm":"Path 1","mn":"ADBE Vector Shape - Group","hd":false},{"ty":"fl","c":{"a":0,"k":[0.98431372549,0.949019607843,0.882352941176,1],"ix":4},"o":{"a":0,"k":100,"ix":5},"r":1,"nm":"Fill 1","mn":"ADBE Vector Graphic - Fill","hd":false},{"ty":"tr","p":{"a":0,"k":[750,1197.295],"ix":2},"a":{"a":0,"k":[0,0],"ix":1},"s":{"a":0,"k":[100,100],"ix":3},"r":{"a":0,"k":0,"ix":6},"o":{"a":0,"k":100,"ix":7},"sk":{"a":0,"k":0,"ix":4},"sa":{"a":0,"k":0,"ix":5},"nm":"Transform"}],"nm":"Group 1","np":4,"cix":2,"ix":1,"mn":"ADBE Vector Group","hd":false}],"ip":150,"op":300,"st":150,"bm":0}],"markers":[]}