{"v":"4.12.0","fr":29.9700012207031,"ip":0,"op":21.0000008553475,"w":400,"h":400,"nm":"beat3","ddd":0,"assets":[{"id":"comp_5","layers":[{"ddd":0,"ind":1,"ty":4,"nm":"Calque de forme 2","sr":1,"ks":{"o":{"a":0,"k":100,"ix":11},"r":{"a":0,"k":0,"ix":10},"p":{"a":0,"k":[200,200,0],"ix":2},"a":{"a":0,"k":[0,0,0],"ix":1},"s":{"a":0,"k":[90,90,100],"ix":6}},"ao":0,"shapes":[{"ty":"gr","it":[{"ind":0,"ty":"sh","ix":1,"ks":{"a":0,"k":{"i":[[68.188,0],[0,-68.188],[-68.188,0],[0,68.188]],"o":[[-68.188,0],[0,68.188],[68.188,0],[0,-68.188]],"v":[[0,-123.465],[-123.465,0],[0,123.465],[123.465,0]],"c":true},"ix":2},"nm":"Tracé 1","mn":"ADBE Vector Shape - Group","hd":false},{"ty":"st","c":{"a":0,"k":[0.203921571374,0.309803932905,0.823529422283,1],"ix":3},"o":{"a":0,"k":100,"ix":4},"w":{"a":0,"k":0.5,"ix":5},"lc":1,"lj":1,"ml":4,"nm":"Contour 1","mn":"ADBE Vector Graphic - Stroke","hd":false},{"ty":"tr","p":{"a":0,"k":[0,0],"ix":2},"a":{"a":0,"k":[0,0],"ix":1},"s":{"a":0,"k":[100,100],"ix":3},"r":{"a":0,"k":0,"ix":6},"o":{"a":0,"k":100,"ix":7},"sk":{"a":0,"k":0,"ix":4},"sa":{"a":0,"k":0,"ix":5},"nm":"Transformer "}],"nm":"Ellipse 1","np":3,"cix":2,"ix":1,"mn":"ADBE Vector Group","hd":false}],"ip":0,"op":600.000024438501,"st":0,"bm":0},{"ddd":0,"ind":2,"ty":4,"nm":"Calque de forme 1","td":1,"sr":1,"ks":{"o":{"a":0,"k":100,"ix":11},"r":{"a":0,"k":0,"ix":10},"p":{"a":0,"k":[200,200,0],"ix":2},"a":{"a":0,"k":[0,0,0],"ix":1},"s":{"a":0,"k":[90,90,100],"ix":6}},"ao":0,"hasMask":true,"masksProperties":[{"inv":false,"mode":"a","pt":{"a":0,"k":{"i":[[0,0],[0,0],[0,0],[0,0]],"o":[[0,0],[0,0],[0,0],[0,0]],"v":[[-123.465,-123.465],[-123.465,123.465],[123.465,123.465],[123.465,-123.465]],"c":true},"ix":1},"o":{"a":0,"k":100,"ix":3},"x":{"a":0,"k":0,"ix":4},"nm":"Masque 1"}],"shapes":[{"ty":"gr","it":[{"ind":0,"ty":"sh","ix":1,"ks":{"a":0,"k":{"i":[[68.188,0],[0,-68.188],[-68.188,0],[0,68.188]],"o":[[-68.188,0],[0,68.188],[68.188,0],[0,-68.188]],"v":[[0,-123.465],[-123.465,0],[0,123.465],[123.465,0]],"c":true},"ix":2},"nm":"Tracé 1","mn":"ADBE Vector Shape - Group","hd":false},{"ty":"st","c":{"a":0,"k":[0,0,0,1],"ix":3},"o":{"a":0,"k":100,"ix":4},"w":{"a":0,"k":1,"ix":5},"lc":1,"lj":1,"ml":4,"nm":"Contour 1","mn":"ADBE Vector Graphic - Stroke","hd":false},{"ty":"fl","c":{"a":0,"k":[1,0,0,1],"ix":4},"o":{"a":0,"k":100,"ix":5},"r":1,"nm":"Fond 1","mn":"ADBE Vector Graphic - Fill","hd":false},{"ty":"tr","p":{"a":0,"k":[0,0],"ix":2},"a":{"a":0,"k":[0,0],"ix":1},"s":{"a":0,"k":[100,100],"ix":3},"r":{"a":0,"k":0,"ix":6},"o":{"a":0,"k":100,"ix":7},"sk":{"a":0,"k":0,"ix":4},"sa":{"a":0,"k":0,"ix":5},"nm":"Transformer "}],"nm":"Ellipse 1","np":3,"cix":2,"ix":1,"mn":"ADBE Vector Group","hd":false}],"ip":0,"op":600.000024438501,"st":0,"bm":0},{"ddd":0,"ind":3,"ty":0,"nm":"illusion03","tt":1,"refId":"comp_6","sr":1,"ks":{"o":{"a":0,"k":100,"ix":11},"r":{"a":0,"k":0,"ix":10},"p":{"a":0,"k":[200,200,0],"ix":2},"a":{"a":0,"k":[200,200,0],"ix":1},"s":{"a":0,"k":[100,100,100],"ix":6}},"ao":0,"w":400,"h":400,"ip":0,"op":600.000024438501,"st":0,"bm":0}]},{"id":"comp_6","layers":[{"ddd":0,"ind":1,"ty":4,"nm":"rayons01 Silhouettes 2","sr":1,"ks":{"o":{"a":0,"k":100,"ix":11},"r":{"a":0,"k":0,"ix":10},"p":{"a":1,"k":[{"i":{"x":0.833,"y":0.833},"o":{"x":0.167,"y":0.167},"n":"0p833_0p833_0p167_0p167","t":0,"s":[200,185,0],"e":[200,200,0],"to":[2.95856714248657,0,0],"ti":[0,0,0]},{"i":{"x":0.833,"y":0.833},"o":{"x":0.167,"y":0.167},"n":"0p833_0p833_0p167_0p167","t":12,"s":[200,200,0],"e":[200,185,0],"to":[0,0,0],"ti":[0,0,0]},{"t":20.0000008146167}],"ix":2},"a":{"a":0,"k":[0,0,0],"ix":1},"s":{"a":0,"k":[25,25,100],"ix":6}},"ao":0,"shapes":[{"ty":"gr","it":[{"ty":"gr","it":[{"ind":0,"ty":"sh","ix":1,"ks":{"a":0,"k":{"i":[[0,0],[0,0],[0,0],[0,0],[0,0],[0,0],[0,0],[0,0],[0,0],[0,0],[0,0],[0,0],[0,0],[0,0],[0,0],[0,0],[0,0],[0,0],[0,0],[0,0],[0,0],[0,0],[0,0],[0,0],[0,0],[0,0],[0,0],[0,0],[0,0],[0,0],[0,0],[0,0],[0,0],[0,0],[0,0],[0,0],[0,0],[0,0],[0,0],[0,0],[0,0],[0,0],[0,0],[0,0],[0,0],[0,0],[0,0],[0,0],[0,0],[0,0],[0,0],[0,0],[0,0],[0,0],[0,0],[0,0],[0,0],[0,0],[0,0],[0,0],[0,0],[0,0],[0,0],[0,0],[0,0],[0,0],[0,0],[0,0],[0,0],[0,0],[0,0],[0,0],[0,0],[0,0],[0,0],[0,0],[0,0],[0,0],[0,0],[0,0],[0,0],[0,0],[0,0],[0,0],[0,0],[0,0],[0,0],[0,0],[0,0],[0,0],[0,0],[0,0],[0,0],[0,0],[0,0],[0,0],[0,0],[0,0],[0,0],[0,0],[0,0],[0,0],[0,0],[0,0],[0,0],[0,0],[0,0],[0,0],[0,0],[0,0],[0,0],[0,0],[0,0],[0,0],[0,0],[0,0],[0,0],[0,0],[0,0],[0,0],[0,0],[0,0],[0,0],[0,0],[0,0],[0,0],[0,0],[0,0],[0,0],[0,0],[0,0],[0,0],[0,0],[0,0],[0,0],[0,0],[0,0],[0,0],[0,0],[0,0],[0,0],[0,0],[0,0],[0,0],[0,0],[0,0],[0,0],[0,0],[0,0],[0,0],[0,0],[0,0],[0,0],[0,0],[0,0],[0,0],[0,0],[0,0],[0,0],[0,0],[0,0],[0,0],[0,0],[0,0],[0,0],[0,0],[0,0],[0,0],[0,0],[0,0],[0,0],[0,0],[0,0],[0,0],[0,0],[0,0],[0,0],[0,0],[0,0],[0,0],[0,0],[0,0],[0,0],[0,0],[0,0],[0,0],[0,0],[0,0],[0,0],[0,0],[0,0],[0,0],[0,0],[0,0],[0,0],[0,0],[0,0],[0,0],[0,0],[0,0],[0,0],[0,0],[0,0],[0,0],[0,0],[0,0],[0,0],[0,0],[0,0],[0,0],[0,0],[0,0],[0,0],[0,0],[0,0],[0,0],[0,0],[0,0],[0,0],[0,0],[0,0],[0,0],[0,0],[0,0],[0,0],[0,0],[0,0],[0,0],[0,0],[0,0],[0,0],[0,0],[0,0],[0,0],[0,0],[0,0],[0,0],[0,0],[0,0],[0,0],[0,0],[0,0],[0,0],[0,0],[0,0],[0,0],[0,0],[0,0],[0,0],[0,0],[0,0],[0,0],[0,0],[0,0],[0,0],[0,0],[0,0],[0,0],[0,0],[0,0],[0,0],[0,0],[0,0],[0,0],[0,0],[0,0],[0,0],[0,0],[0,0],[0,0],[0,0],[0,0],[0,0],[0,0],[0,0],[0,0],[0,0],[0,0],[0,0],[0,0],[0,0],[0,0],[0,0],[0,0],[0,0],[0,0],[0,0],[0,0],[0,0],[0,0],[0,0],[0,0],[0,0],[0,0],[0,0],[0,0],[0,0],[0,0],[0,0],[0,0],[0,0],[0,0],[0,0],[0,0],[0,0],[0,0],[0,0],[0,0],[0,0],[0,0],[0,0],[0,0],[0,0],[0,0],[0,0],[0,0],[0,0],[0,0],[0,0],[0,0],[0,0],[0,0],[0,0],[0,0],[0,0],[0,0],[0,0],[0,0],[0,0],[0,0],[0,0],[0,0],[0,0],[0,0],[0,0],[0,0],[0,0],[0,0],[0,0],[0,0],[0,0],[0,0],[0,0],[0,0],[0,0],[0,0],[0,0],[0,0],[0,0],[0,0],[0,0],[0,0],[0,0],[0,0],[0,0],[0,0],[0,0],[0,0],[0,0],[0,0]],"o":[[0,0],[0,0],[0,0],[0,0],[0,0],[0,0],[0,0],[0,0],[0,0],[0,0],[0,0],[0,0],[0,0],[0,0],[0,0],[0,0],[0,0],[0,0],[0,0],[0,0],[0,0],[0,0],[0,0],[0,0],[0,0],[0,0],[0,0],[0,0],[0,0],[0,0],[0,0],[0,0],[0,0],[0,0],[0,0],[0,0],[0,0],[0,0],[0,0],[0,0],[0,0],[0,0],[0,0],[0,0],[0,0],[0,0],[0,0],[0,0],[0,0],[0,0],[0,0],[0,0],[0,0],[0,0],[0,0],[0,0],[0,0],[0,0],[0,0],[0,0],[0,0],[0,0],[0,0],[0,0],[0,0],[0,0],[0,0],[0,0],[0,0],[0,0],[0,0],[0,0],[0,0],[0,0],[0,0],[0,0],[0,0],[0,0],[0,0],[0,0],[0,0],[0,0],[0,0],[0,0],[0,0],[0,0],[0,0],[0,0],[0,0],[0,0],[0,0],[0,0],[0,0],[0,0],[0,0],[0,0],[0,0],[0,0],[0,0],[0,0],[0,0],[0,0],[0,0],[0,0],[0,0],[0,0],[0,0],[0,0],[0,0],[0,0],[0,0],[0,0],[0,0],[0,0],[0,0],[0,0],[0,0],[0,0],[0,0],[0,0],[0,0],[0,0],[0,0],[0,0],[0,0],[0,0],[0,0],[0,0],[0,0],[0,0],[0,0],[0,0],[0,0],[0,0],[0,0],[0,0],[0,0],[0,0],[0,0],[0,0],[0,0],[0,0],[0,0],[0,0],[0,0],[0,0],[0,0],[0,0],[0,0],[0,0],[0,0],[0,0],[0,0],[0,0],[0,0],[0,0],[0,0],[0,0],[0,0],[0,0],[0,0],[0,0],[0,0],[0,0],[0,0],[0,0],[0,0],[0,0],[0,0],[0,0],[0,0],[0,0],[0,0],[0,0],[0,0],[0,0],[0,0],[0,0],[0,0],[0,0],[0,0],[0,0],[0,0],[0,0],[0,0],[0,0],[0,0],[0,0],[0,0],[0,0],[0,0],[0,0],[0,0],[0,0],[0,0],[0,0],[0,0],[0,0],[0,0],[0,0],[0,0],[0,0],[0,0],[0,0],[0,0],[0,0],[0,0],[0,0],[0,0],[0,0],[0,0],[0,0],[0,0],[0,0],[0,0],[0,0],[0,0],[0,0],[0,0],[0,0],[0,0],[0,0],[0,0],[0,0],[0,0],[0,0],[0,0],[0,0],[0,0],[0,0],[0,0],[0,0],[0,0],[0,0],[0,0],[0,0],[0,0],[0,0],[0,0],[0,0],[0,0],[0,0],[0,0],[0,0],[0,0],[0,0],[0,0],[0,0],[0,0],[0,0],[0,0],[0,0],[0,0],[0,0],[0,0],[0,0],[0,0],[0,0],[0,0],[0,0],[0,0],[0,0],[0,0],[0,0],[0,0],[0,0],[0,0],[0,0],[0,0],[0,0],[0,0],[0,0],[0,0],[0,0],[0,0],[0,0],[0,0],[0,0],[0,0],[0,0],[0,0],[0,0],[0,0],[0,0],[0,0],[0,0],[0,0],[0,0],[0,0],[0,0],[0,0],[0,0],[0,0],[0,0],[0,0],[0,0],[0,0],[0,0],[0,0],[0,0],[0,0],[0,0],[0,0],[0,0],[0,0],[0,0],[0,0],[0,0],[0,0],[0,0],[0,0],[0,0],[0,0],[0,0],[0,0],[0,0],[0,0],[0,0],[0,0],[0,0],[0,0],[0,0],[0,0],[0,0],[0,0],[0,0],[0,0],[0,0],[0,0],[0,0],[0,0],[0,0],[0,0],[0,0],[0,0],[0,0],[0,0],[0,0],[0,0],[0,0],[0,0],[0,0],[0,0],[0,0],[0,0],[0,0],[0,0],[0,0],[0,0],[0,0],[0,0],[0,0],[0,0],[0,0],[0,0],[0,0],[0,0],[0,0],[0,0],[0,0]],"v":[[-1.49,-491.618],[-1.49,-56.891],[-24.242,-491.023],[-27.216,-490.867],[-4.465,-56.736],[-49.906,-489.081],[-52.87,-488.769],[-7.429,-56.424],[-75.435,-485.799],[-78.378,-485.333],[-10.371,-55.958],[-100.756,-481.185],[-103.67,-480.565],[-13.285,-55.338],[-125.801,-475.253],[-128.679,-474.481],[-16.163,-54.568],[-150.501,-468.017],[-153.335,-467.096],[-18.998,-53.647],[-174.789,-459.499],[-177.57,-458.431],[-21.779,-52.579],[-198.598,-449.722],[-201.32,-448.509],[-24.501,-51.367],[-221.863,-438.711],[-224.517,-437.359],[-27.156,-50.014],[-244.519,-426.499],[-247.099,-425.008],[-29.735,-48.524],[-266.505,-413.117],[-269.004,-411.494],[-32.235,-46.901],[-287.761,-398.603],[-290.171,-396.852],[-34.645,-45.15],[-308.228,-382.997],[-310.543,-381.122],[-36.961,-43.275],[-327.85,-366.34],[-330.064,-364.347],[-39.175,-41.282],[-346.573,-348.68],[-348.68,-346.574],[-41.282,-39.175],[-364.346,-330.064],[-366.34,-327.85],[-43.275,-36.961],[-381.122,-310.543],[-382.996,-308.227],[-45.151,-34.645],[-396.852,-290.171],[-398.603,-287.76],[-46.901,-32.235],[-411.494,-269.004],[-413.117,-266.505],[-48.525,-29.736],[-425.008,-247.099],[-426.499,-244.519],[-50.014,-27.155],[-437.359,-224.517],[-438.712,-221.863],[-51.367,-24.501],[-448.51,-201.32],[-449.721,-198.598],[-52.578,-21.779],[-458.431,-177.571],[-459.499,-174.79],[-53.647,-18.998],[-467.096,-153.335],[-468.016,-150.501],[-54.567,-16.164],[-474.481,-128.679],[-475.253,-125.802],[-55.339,-13.285],[-480.565,-103.671],[-481.185,-100.757],[-55.958,-10.371],[-485.333,-78.377],[-485.798,-75.435],[-56.424,-7.428],[-488.77,-52.87],[-489.08,-49.906],[-56.735,-4.465],[-490.866,-27.217],[-491.022,-24.242],[-56.891,-1.49],[-491.618,-1.49],[-491.618,1.49],[-56.891,1.49],[-491.022,24.242],[-490.866,27.217],[-56.735,4.465],[-489.08,49.906],[-488.77,52.87],[-56.424,7.428],[-485.798,75.435],[-485.333,78.377],[-55.958,10.371],[-481.185,100.756],[-480.565,103.67],[-55.339,13.285],[-475.253,125.8],[-474.481,128.679],[-54.567,16.163],[-468.016,150.502],[-467.096,153.335],[-53.647,18.998],[-459.499,174.789],[-458.431,177.571],[-52.578,21.779],[-449.721,198.598],[-448.51,201.32],[-51.367,24.5],[-438.712,221.862],[-437.359,224.518],[-50.014,27.155],[-426.499,244.519],[-425.008,247.1],[-48.525,29.735],[-413.117,266.505],[-411.494,269.004],[-46.901,32.235],[-398.603,287.761],[-396.852,290.171],[-45.151,34.645],[-382.996,308.228],[-381.122,310.543],[-43.275,36.961],[-366.34,327.85],[-364.346,330.064],[-41.282,39.175],[-348.68,346.573],[-346.573,348.68],[-39.175,41.282],[-330.064,364.346],[-327.85,366.34],[-36.961,43.275],[-310.543,381.121],[-308.228,382.996],[-34.645,45.151],[-290.171,396.852],[-287.761,398.602],[-32.235,46.901],[-269.004,411.494],[-266.505,413.117],[-29.735,48.525],[-247.099,425.009],[-244.519,426.499],[-27.156,50.014],[-224.517,437.358],[-221.863,438.711],[-24.501,51.367],[-201.32,448.51],[-198.598,449.721],[-21.779,52.578],[-177.57,458.431],[-174.789,459.499],[-18.998,53.647],[-153.335,467.097],[-150.501,468.016],[-16.163,54.567],[-128.679,474.481],[-125.801,475.252],[-13.285,55.339],[-103.67,480.565],[-100.756,481.184],[-10.371,55.958],[-78.378,485.332],[-75.435,485.799],[-7.429,56.424],[-52.87,488.77],[-49.906,489.081],[-4.465,56.735],[-27.216,490.867],[-24.242,491.022],[-1.49,56.891],[-1.49,491.618],[1.49,491.618],[1.49,56.891],[24.242,491.022],[27.217,490.867],[4.465,56.735],[49.906,489.081],[52.87,488.77],[7.428,56.424],[75.435,485.799],[78.378,485.332],[10.371,55.958],[100.756,481.184],[103.671,480.565],[13.286,55.339],[125.802,475.252],[128.679,474.481],[16.164,54.567],[150.501,468.016],[153.335,467.097],[18.997,53.647],[174.79,459.499],[177.571,458.431],[21.779,52.578],[198.598,449.721],[201.32,448.51],[24.5,51.367],[221.862,438.711],[224.517,437.358],[27.155,50.014],[244.519,426.499],[247.099,425.009],[29.736,48.525],[266.505,413.117],[269.004,411.494],[32.234,46.901],[287.761,398.602],[290.171,396.852],[34.645,45.151],[308.228,382.996],[310.543,381.121],[36.961,43.275],[327.85,366.34],[330.064,364.346],[39.175,41.282],[346.573,348.68],[348.68,346.573],[41.282,39.175],[364.347,330.064],[366.34,327.85],[43.275,36.961],[381.122,310.543],[382.997,308.228],[45.151,34.645],[396.852,290.171],[398.603,287.761],[46.901,32.235],[411.494,269.004],[413.118,266.505],[48.525,29.735],[425.008,247.1],[426.499,244.519],[50.015,27.155],[437.358,224.518],[438.712,221.862],[51.367,24.5],[448.509,201.32],[449.722,198.598],[52.579,21.779],[458.431,177.571],[459.499,174.789],[53.647,18.998],[467.096,153.335],[468.017,150.502],[54.568,16.163],[474.481,128.679],[475.253,125.8],[55.339,13.285],[480.565,103.67],[481.185,100.756],[55.958,10.371],[485.333,78.377],[485.798,75.435],[56.424,7.428],[488.769,52.87],[489.08,49.906],[56.736,4.465],[490.866,27.217],[491.022,24.242],[56.891,1.49],[491.618,1.49],[491.618,-1.49],[56.891,-1.49],[491.022,-24.242],[490.866,-27.217],[56.736,-4.465],[489.08,-49.906],[488.769,-52.87],[56.424,-7.428],[485.798,-75.435],[485.333,-78.377],[55.958,-10.371],[481.185,-100.757],[480.565,-103.671],[55.339,-13.285],[475.253,-125.802],[474.481,-128.679],[54.568,-16.164],[468.017,-150.501],[467.096,-153.335],[53.647,-18.998],[459.499,-174.79],[458.431,-177.571],[52.579,-21.779],[449.722,-198.598],[448.509,-201.32],[51.367,-24.501],[438.712,-221.863],[437.358,-224.517],[50.015,-27.155],[426.499,-244.519],[425.008,-247.099],[48.525,-29.736],[413.118,-266.505],[411.494,-269.004],[46.901,-32.235],[398.603,-287.76],[396.852,-290.171],[45.151,-34.645],[382.997,-308.227],[381.122,-310.543],[43.275,-36.961],[366.34,-327.85],[364.347,-330.064],[41.282,-39.175],[348.68,-346.574],[346.573,-348.68],[39.175,-41.282],[330.064,-364.347],[327.85,-366.34],[36.961,-43.275],[310.543,-381.122],[308.228,-382.997],[34.645,-45.15],[290.171,-396.852],[287.761,-398.603],[32.234,-46.901],[269.004,-411.494],[266.505,-413.117],[29.736,-48.524],[247.099,-425.008],[244.519,-426.499],[27.155,-50.014],[224.517,-437.359],[221.862,-438.711],[24.5,-51.367],[201.32,-448.509],[198.598,-449.722],[21.779,-52.579],[177.571,-458.431],[174.79,-459.499],[18.997,-53.647],[153.335,-467.096],[150.501,-468.017],[16.164,-54.568],[128.679,-474.481],[125.802,-475.253],[13.286,-55.338],[103.671,-480.565],[100.756,-481.185],[10.371,-55.958],[78.378,-485.333],[75.435,-485.799],[7.428,-56.424],[52.87,-488.769],[49.906,-489.081],[4.465,-56.736],[27.217,-490.867],[24.242,-491.023],[1.49,-56.891],[1.49,-491.618]],"c":true},"ix":2},"nm":"Tracé 2","mn":"ADBE Vector Shape - Group","hd":false},{"ty":"tr","p":{"a":0,"k":[0,0],"ix":2},"a":{"a":0,"k":[0,0],"ix":1},"s":{"a":0,"k":[100,100],"ix":3},"r":{"a":0,"k":0,"ix":6},"o":{"a":0,"k":100,"ix":7},"sk":{"a":0,"k":0,"ix":4},"sa":{"a":0,"k":0,"ix":5},"nm":"Transformer "}],"nm":"Groupe 1","np":1,"cix":2,"ix":1,"mn":"ADBE Vector Group","hd":false},{"ty":"fl","c":{"a":0,"k":[0.204749837518,0.310286074877,0.823743879795,1],"ix":4},"o":{"a":0,"k":100,"ix":5},"r":1,"nm":"Fond 1","mn":"ADBE Vector Graphic - Fill","hd":false},{"ty":"tr","p":{"a":0,"k":[0,0],"ix":2},"a":{"a":0,"k":[0,0],"ix":1},"s":{"a":0,"k":[100,100],"ix":3},"r":{"a":0,"k":0,"ix":6},"o":{"a":0,"k":100,"ix":7},"sk":{"a":0,"k":0,"ix":4},"sa":{"a":0,"k":0,"ix":5},"nm":"Transformer "}],"nm":"Groupe 1","np":2,"cix":2,"ix":1,"mn":"ADBE Vector Group","hd":false}],"ip":0,"op":600.000024438501,"st":0,"bm":0},{"ddd":0,"ind":2,"ty":4,"nm":"rayons01 Silhouettes","sr":1,"ks":{"o":{"a":0,"k":100,"ix":11},"r":{"a":0,"k":0,"ix":10},"p":{"a":1,"k":[{"i":{"x":0.833,"y":0.833},"o":{"x":0.167,"y":0.167},"n":"0p833_0p833_0p167_0p167","t":0,"s":[200,215,0],"e":[200,200,0],"to":[2.95856714248657,0,0],"ti":[0,0,0]},{"i":{"x":0.833,"y":0.833},"o":{"x":0.167,"y":0.167},"n":"0p833_0p833_0p167_0p167","t":12,"s":[200,200,0],"e":[200,215,0],"to":[0,0,0],"ti":[0,0,0]},{"t":20.0000008146167}],"ix":2},"a":{"a":0,"k":[0,0,0],"ix":1},"s":{"a":0,"k":[25,25,100],"ix":6}},"ao":0,"shapes":[{"ty":"gr","it":[{"ty":"gr","it":[{"ind":0,"ty":"sh","ix":1,"ks":{"a":0,"k":{"i":[[0,0],[0,0],[0,0],[0,0],[0,0],[0,0],[0,0],[0,0],[0,0],[0,0],[0,0],[0,0],[0,0],[0,0],[0,0],[0,0],[0,0],[0,0],[0,0],[0,0],[0,0],[0,0],[0,0],[0,0],[0,0],[0,0],[0,0],[0,0],[0,0],[0,0],[0,0],[0,0],[0,0],[0,0],[0,0],[0,0],[0,0],[0,0],[0,0],[0,0],[0,0],[0,0],[0,0],[0,0],[0,0],[0,0],[0,0],[0,0],[0,0],[0,0],[0,0],[0,0],[0,0],[0,0],[0,0],[0,0],[0,0],[0,0],[0,0],[0,0],[0,0],[0,0],[0,0],[0,0],[0,0],[0,0],[0,0],[0,0],[0,0],[0,0],[0,0],[0,0],[0,0],[0,0],[0,0],[0,0],[0,0],[0,0],[0,0],[0,0],[0,0],[0,0],[0,0],[0,0],[0,0],[0,0],[0,0],[0,0],[0,0],[0,0],[0,0],[0,0],[0,0],[0,0],[0,0],[0,0],[0,0],[0,0],[0,0],[0,0],[0,0],[0,0],[0,0],[0,0],[0,0],[0,0],[0,0],[0,0],[0,0],[0,0],[0,0],[0,0],[0,0],[0,0],[0,0],[0,0],[0,0],[0,0],[0,0],[0,0],[0,0],[0,0],[0,0],[0,0],[0,0],[0,0],[0,0],[0,0],[0,0],[0,0],[0,0],[0,0],[0,0],[0,0],[0,0],[0,0],[0,0],[0,0],[0,0],[0,0],[0,0],[0,0],[0,0],[0,0],[0,0],[0,0],[0,0],[0,0],[0,0],[0,0],[0,0],[0,0],[0,0],[0,0],[0,0],[0,0],[0,0],[0,0],[0,0],[0,0],[0,0],[0,0],[0,0],[0,0],[0,0],[0,0],[0,0],[0,0],[0,0],[0,0],[0,0],[0,0],[0,0],[0,0],[0,0],[0,0],[0,0],[0,0],[0,0],[0,0],[0,0],[0,0],[0,0],[0,0],[0,0],[0,0],[0,0],[0,0],[0,0],[0,0],[0,0],[0,0],[0,0],[0,0],[0,0],[0,0],[0,0],[0,0],[0,0],[0,0],[0,0],[0,0],[0,0],[0,0],[0,0],[0,0],[0,0],[0,0],[0,0],[0,0],[0,0],[0,0],[0,0],[0,0],[0,0],[0,0],[0,0],[0,0],[0,0],[0,0],[0,0],[0,0],[0,0],[0,0],[0,0],[0,0],[0,0],[0,0],[0,0],[0,0],[0,0],[0,0],[0,0],[0,0],[0,0],[0,0],[0,0],[0,0],[0,0],[0,0],[0,0],[0,0],[0,0],[0,0],[0,0],[0,0],[0,0],[0,0],[0,0],[0,0],[0,0],[0,0],[0,0],[0,0],[0,0],[0,0],[0,0],[0,0],[0,0],[0,0],[0,0],[0,0],[0,0],[0,0],[0,0],[0,0],[0,0],[0,0],[0,0],[0,0],[0,0],[0,0],[0,0],[0,0],[0,0],[0,0],[0,0],[0,0],[0,0],[0,0],[0,0],[0,0],[0,0],[0,0],[0,0],[0,0],[0,0],[0,0],[0,0],[0,0],[0,0],[0,0],[0,0],[0,0],[0,0],[0,0],[0,0],[0,0],[0,0],[0,0],[0,0],[0,0],[0,0],[0,0],[0,0],[0,0],[0,0],[0,0],[0,0],[0,0],[0,0],[0,0],[0,0],[0,0],[0,0],[0,0],[0,0],[0,0],[0,0],[0,0],[0,0],[0,0],[0,0],[0,0],[0,0],[0,0],[0,0],[0,0],[0,0],[0,0],[0,0],[0,0],[0,0],[0,0],[0,0],[0,0],[0,0],[0,0],[0,0],[0,0],[0,0],[0,0],[0,0],[0,0],[0,0],[0,0],[0,0],[0,0],[0,0],[0,0],[0,0],[0,0],[0,0],[0,0],[0,0],[0,0],[0,0],[0,0],[0,0],[0,0]],"o":[[0,0],[0,0],[0,0],[0,0],[0,0],[0,0],[0,0],[0,0],[0,0],[0,0],[0,0],[0,0],[0,0],[0,0],[0,0],[0,0],[0,0],[0,0],[0,0],[0,0],[0,0],[0,0],[0,0],[0,0],[0,0],[0,0],[0,0],[0,0],[0,0],[0,0],[0,0],[0,0],[0,0],[0,0],[0,0],[0,0],[0,0],[0,0],[0,0],[0,0],[0,0],[0,0],[0,0],[0,0],[0,0],[0,0],[0,0],[0,0],[0,0],[0,0],[0,0],[0,0],[0,0],[0,0],[0,0],[0,0],[0,0],[0,0],[0,0],[0,0],[0,0],[0,0],[0,0],[0,0],[0,0],[0,0],[0,0],[0,0],[0,0],[0,0],[0,0],[0,0],[0,0],[0,0],[0,0],[0,0],[0,0],[0,0],[0,0],[0,0],[0,0],[0,0],[0,0],[0,0],[0,0],[0,0],[0,0],[0,0],[0,0],[0,0],[0,0],[0,0],[0,0],[0,0],[0,0],[0,0],[0,0],[0,0],[0,0],[0,0],[0,0],[0,0],[0,0],[0,0],[0,0],[0,0],[0,0],[0,0],[0,0],[0,0],[0,0],[0,0],[0,0],[0,0],[0,0],[0,0],[0,0],[0,0],[0,0],[0,0],[0,0],[0,0],[0,0],[0,0],[0,0],[0,0],[0,0],[0,0],[0,0],[0,0],[0,0],[0,0],[0,0],[0,0],[0,0],[0,0],[0,0],[0,0],[0,0],[0,0],[0,0],[0,0],[0,0],[0,0],[0,0],[0,0],[0,0],[0,0],[0,0],[0,0],[0,0],[0,0],[0,0],[0,0],[0,0],[0,0],[0,0],[0,0],[0,0],[0,0],[0,0],[0,0],[0,0],[0,0],[0,0],[0,0],[0,0],[0,0],[0,0],[0,0],[0,0],[0,0],[0,0],[0,0],[0,0],[0,0],[0,0],[0,0],[0,0],[0,0],[0,0],[0,0],[0,0],[0,0],[0,0],[0,0],[0,0],[0,0],[0,0],[0,0],[0,0],[0,0],[0,0],[0,0],[0,0],[0,0],[0,0],[0,0],[0,0],[0,0],[0,0],[0,0],[0,0],[0,0],[0,0],[0,0],[0,0],[0,0],[0,0],[0,0],[0,0],[0,0],[0,0],[0,0],[0,0],[0,0],[0,0],[0,0],[0,0],[0,0],[0,0],[0,0],[0,0],[0,0],[0,0],[0,0],[0,0],[0,0],[0,0],[0,0],[0,0],[0,0],[0,0],[0,0],[0,0],[0,0],[0,0],[0,0],[0,0],[0,0],[0,0],[0,0],[0,0],[0,0],[0,0],[0,0],[0,0],[0,0],[0,0],[0,0],[0,0],[0,0],[0,0],[0,0],[0,0],[0,0],[0,0],[0,0],[0,0],[0,0],[0,0],[0,0],[0,0],[0,0],[0,0],[0,0],[0,0],[0,0],[0,0],[0,0],[0,0],[0,0],[0,0],[0,0],[0,0],[0,0],[0,0],[0,0],[0,0],[0,0],[0,0],[0,0],[0,0],[0,0],[0,0],[0,0],[0,0],[0,0],[0,0],[0,0],[0,0],[0,0],[0,0],[0,0],[0,0],[0,0],[0,0],[0,0],[0,0],[0,0],[0,0],[0,0],[0,0],[0,0],[0,0],[0,0],[0,0],[0,0],[0,0],[0,0],[0,0],[0,0],[0,0],[0,0],[0,0],[0,0],[0,0],[0,0],[0,0],[0,0],[0,0],[0,0],[0,0],[0,0],[0,0],[0,0],[0,0],[0,0],[0,0],[0,0],[0,0],[0,0],[0,0],[0,0],[0,0],[0,0],[0,0],[0,0],[0,0],[0,0],[0,0],[0,0],[0,0],[0,0],[0,0],[0,0],[0,0],[0,0],[0,0],[0,0],[0,0],[0,0],[0,0],[0,0],[0,0],[0,0],[0,0],[0,0],[0,0],[0,0]],"v":[[-1.49,-491.618],[-1.49,-56.891],[-24.242,-491.023],[-27.216,-490.867],[-4.465,-56.736],[-49.906,-489.081],[-52.87,-488.769],[-7.429,-56.424],[-75.435,-485.799],[-78.378,-485.333],[-10.371,-55.958],[-100.756,-481.185],[-103.67,-480.565],[-13.285,-55.338],[-125.801,-475.253],[-128.679,-474.481],[-16.163,-54.568],[-150.501,-468.017],[-153.335,-467.096],[-18.998,-53.647],[-174.789,-459.499],[-177.57,-458.431],[-21.779,-52.579],[-198.598,-449.722],[-201.32,-448.509],[-24.501,-51.367],[-221.863,-438.711],[-224.517,-437.359],[-27.156,-50.014],[-244.519,-426.499],[-247.099,-425.008],[-29.735,-48.524],[-266.505,-413.117],[-269.004,-411.494],[-32.235,-46.901],[-287.761,-398.603],[-290.171,-396.852],[-34.645,-45.15],[-308.228,-382.997],[-310.543,-381.122],[-36.961,-43.275],[-327.85,-366.34],[-330.064,-364.347],[-39.175,-41.282],[-346.573,-348.68],[-348.68,-346.574],[-41.282,-39.175],[-364.346,-330.064],[-366.34,-327.85],[-43.275,-36.961],[-381.122,-310.543],[-382.996,-308.227],[-45.151,-34.645],[-396.852,-290.171],[-398.603,-287.76],[-46.901,-32.235],[-411.494,-269.004],[-413.117,-266.505],[-48.525,-29.736],[-425.008,-247.099],[-426.499,-244.519],[-50.014,-27.155],[-437.359,-224.517],[-438.712,-221.863],[-51.367,-24.501],[-448.51,-201.32],[-449.721,-198.598],[-52.578,-21.779],[-458.431,-177.571],[-459.499,-174.79],[-53.647,-18.998],[-467.096,-153.335],[-468.016,-150.501],[-54.567,-16.164],[-474.481,-128.679],[-475.253,-125.802],[-55.339,-13.285],[-480.565,-103.671],[-481.185,-100.757],[-55.958,-10.371],[-485.333,-78.377],[-485.798,-75.435],[-56.424,-7.428],[-488.77,-52.87],[-489.08,-49.906],[-56.735,-4.465],[-490.866,-27.217],[-491.022,-24.242],[-56.891,-1.49],[-491.618,-1.49],[-491.618,1.49],[-56.891,1.49],[-491.022,24.242],[-490.866,27.217],[-56.735,4.465],[-489.08,49.906],[-488.77,52.87],[-56.424,7.428],[-485.798,75.435],[-485.333,78.377],[-55.958,10.371],[-481.185,100.756],[-480.565,103.67],[-55.339,13.285],[-475.253,125.8],[-474.481,128.679],[-54.567,16.163],[-468.016,150.502],[-467.096,153.335],[-53.647,18.998],[-459.499,174.789],[-458.431,177.571],[-52.578,21.779],[-449.721,198.598],[-448.51,201.32],[-51.367,24.5],[-438.712,221.862],[-437.359,224.518],[-50.014,27.155],[-426.499,244.519],[-425.008,247.1],[-48.525,29.735],[-413.117,266.505],[-411.494,269.004],[-46.901,32.235],[-398.603,287.761],[-396.852,290.171],[-45.151,34.645],[-382.996,308.228],[-381.122,310.543],[-43.275,36.961],[-366.34,327.85],[-364.346,330.064],[-41.282,39.175],[-348.68,346.573],[-346.573,348.68],[-39.175,41.282],[-330.064,364.346],[-327.85,366.34],[-36.961,43.275],[-310.543,381.121],[-308.228,382.996],[-34.645,45.151],[-290.171,396.852],[-287.761,398.602],[-32.235,46.901],[-269.004,411.494],[-266.505,413.117],[-29.735,48.525],[-247.099,425.009],[-244.519,426.499],[-27.156,50.014],[-224.517,437.358],[-221.863,438.711],[-24.501,51.367],[-201.32,448.51],[-198.598,449.721],[-21.779,52.578],[-177.57,458.431],[-174.789,459.499],[-18.998,53.647],[-153.335,467.097],[-150.501,468.016],[-16.163,54.567],[-128.679,474.481],[-125.801,475.252],[-13.285,55.339],[-103.67,480.565],[-100.756,481.184],[-10.371,55.958],[-78.378,485.332],[-75.435,485.799],[-7.429,56.424],[-52.87,488.77],[-49.906,489.081],[-4.465,56.735],[-27.216,490.867],[-24.242,491.022],[-1.49,56.891],[-1.49,491.618],[1.49,491.618],[1.49,56.891],[24.242,491.022],[27.217,490.867],[4.465,56.735],[49.906,489.081],[52.87,488.77],[7.428,56.424],[75.435,485.799],[78.378,485.332],[10.371,55.958],[100.756,481.184],[103.671,480.565],[13.286,55.339],[125.802,475.252],[128.679,474.481],[16.164,54.567],[150.501,468.016],[153.335,467.097],[18.997,53.647],[174.79,459.499],[177.571,458.431],[21.779,52.578],[198.598,449.721],[201.32,448.51],[24.5,51.367],[221.862,438.711],[224.517,437.358],[27.155,50.014],[244.519,426.499],[247.099,425.009],[29.736,48.525],[266.505,413.117],[269.004,411.494],[32.234,46.901],[287.761,398.602],[290.171,396.852],[34.645,45.151],[308.228,382.996],[310.543,381.121],[36.961,43.275],[327.85,366.34],[330.064,364.346],[39.175,41.282],[346.573,348.68],[348.68,346.573],[41.282,39.175],[364.347,330.064],[366.34,327.85],[43.275,36.961],[381.122,310.543],[382.997,308.228],[45.151,34.645],[396.852,290.171],[398.603,287.761],[46.901,32.235],[411.494,269.004],[413.118,266.505],[48.525,29.735],[425.008,247.1],[426.499,244.519],[50.015,27.155],[437.358,224.518],[438.712,221.862],[51.367,24.5],[448.509,201.32],[449.722,198.598],[52.579,21.779],[458.431,177.571],[459.499,174.789],[53.647,18.998],[467.096,153.335],[468.017,150.502],[54.568,16.163],[474.481,128.679],[475.253,125.8],[55.339,13.285],[480.565,103.67],[481.185,100.756],[55.958,10.371],[485.333,78.377],[485.798,75.435],[56.424,7.428],[488.769,52.87],[489.08,49.906],[56.736,4.465],[490.866,27.217],[491.022,24.242],[56.891,1.49],[491.618,1.49],[491.618,-1.49],[56.891,-1.49],[491.022,-24.242],[490.866,-27.217],[56.736,-4.465],[489.08,-49.906],[488.769,-52.87],[56.424,-7.428],[485.798,-75.435],[485.333,-78.377],[55.958,-10.371],[481.185,-100.757],[480.565,-103.671],[55.339,-13.285],[475.253,-125.802],[474.481,-128.679],[54.568,-16.164],[468.017,-150.501],[467.096,-153.335],[53.647,-18.998],[459.499,-174.79],[458.431,-177.571],[52.579,-21.779],[449.722,-198.598],[448.509,-201.32],[51.367,-24.501],[438.712,-221.863],[437.358,-224.517],[50.015,-27.155],[426.499,-244.519],[425.008,-247.099],[48.525,-29.736],[413.118,-266.505],[411.494,-269.004],[46.901,-32.235],[398.603,-287.76],[396.852,-290.171],[45.151,-34.645],[382.997,-308.227],[381.122,-310.543],[43.275,-36.961],[366.34,-327.85],[364.347,-330.064],[41.282,-39.175],[348.68,-346.574],[346.573,-348.68],[39.175,-41.282],[330.064,-364.347],[327.85,-366.34],[36.961,-43.275],[310.543,-381.122],[308.228,-382.997],[34.645,-45.15],[290.171,-396.852],[287.761,-398.603],[32.234,-46.901],[269.004,-411.494],[266.505,-413.117],[29.736,-48.524],[247.099,-425.008],[244.519,-426.499],[27.155,-50.014],[224.517,-437.359],[221.862,-438.711],[24.5,-51.367],[201.32,-448.509],[198.598,-449.722],[21.779,-52.579],[177.571,-458.431],[174.79,-459.499],[18.997,-53.647],[153.335,-467.096],[150.501,-468.017],[16.164,-54.568],[128.679,-474.481],[125.802,-475.253],[13.286,-55.338],[103.671,-480.565],[100.756,-481.185],[10.371,-55.958],[78.378,-485.333],[75.435,-485.799],[7.428,-56.424],[52.87,-488.769],[49.906,-489.081],[4.465,-56.736],[27.217,-490.867],[24.242,-491.023],[1.49,-56.891],[1.49,-491.618]],"c":true},"ix":2},"nm":"Tracé 2","mn":"ADBE Vector Shape - Group","hd":false},{"ty":"tr","p":{"a":0,"k":[0,0],"ix":2},"a":{"a":0,"k":[0,0],"ix":1},"s":{"a":0,"k":[100,100],"ix":3},"r":{"a":0,"k":0,"ix":6},"o":{"a":0,"k":100,"ix":7},"sk":{"a":0,"k":0,"ix":4},"sa":{"a":0,"k":0,"ix":5},"nm":"Transformer "}],"nm":"Groupe 1","np":1,"cix":2,"ix":1,"mn":"ADBE Vector Group","hd":false},{"ty":"fl","c":{"a":0,"k":[0.203921571374,0.309803932905,0.823529422283,1],"ix":4},"o":{"a":0,"k":100,"ix":5},"r":1,"nm":"Fond 1","mn":"ADBE Vector Graphic - Fill","hd":false},{"ty":"tr","p":{"a":0,"k":[0,0],"ix":2},"a":{"a":0,"k":[0,0],"ix":1},"s":{"a":0,"k":[100,100],"ix":3},"r":{"a":0,"k":0,"ix":6},"o":{"a":0,"k":100,"ix":7},"sk":{"a":0,"k":0,"ix":4},"sa":{"a":0,"k":0,"ix":5},"nm":"Transformer "}],"nm":"Groupe 1","np":2,"cix":2,"ix":1,"mn":"ADBE Vector Group","hd":false}],"ip":0,"op":600.000024438501,"st":0,"bm":0}]}],"layers":[{"ddd":0,"ind":1,"ty":0,"nm":"beat bis","refId":"comp_5","sr":1,"ks":{"o":{"a":0,"k":100,"ix":11},"r":{"a":0,"k":0,"ix":10},"p":{"a":0,"k":[200,200,0],"ix":2},"a":{"a":0,"k":[200,200,0],"ix":1},"s":{"a":1,"k":[{"i":{"x":[0.833,0.833,0.833],"y":[0.833,0.833,0.833]},"o":{"x":[0.167,0.167,0.167],"y":[0.167,0.167,0.167]},"n":["0p833_0p833_0p167_0p167","0p833_0p833_0p167_0p167","0p833_0p833_0p167_0p167"],"t":0,"s":[120,120,100],"e":[100,100,100]},{"i":{"x":[0.833,0.833,0.833],"y":[0.833,0.833,0.833]},"o":{"x":[0.167,0.167,0.167],"y":[0.167,0.167,0.167]},"n":["0p833_0p833_0p167_0p167","0p833_0p833_0p167_0p167","0p833_0p833_0p167_0p167"],"t":12,"s":[100,100,100],"e":[105,105,100]},{"i":{"x":[0.833,0.833,0.833],"y":[0.833,0.833,0.833]},"o":{"x":[0.167,0.167,0.167],"y":[0.167,0.167,0.167]},"n":["0p833_0p833_0p167_0p167","0p833_0p833_0p167_0p167","0p833_0p833_0p167_0p167"],"t":13,"s":[105,105,100],"e":[120,120,100]},{"t":20.0000008146167}],"ix":6}},"ao":0,"w":400,"h":400,"ip":0,"op":600.000024438501,"st":0,"bm":0}]}